Celebrity,Twitter_Account,Tweet
Donald Trump,@hodgetwins,#NOTGUILTY #FREETRUMP
Donald Trump,@Alyssa_Milano,Itâ€™s a sad day for America.
Donald Trump,@TheEXECUTlONER_,Dinesh D'Souza
Donald Trump,@DineshDSouza,New statement by Trump on my film â€œPolice Stateâ€:
Donald Trump,@cherrynorrishhi,God is with you! We are with you! We support you! We are praying for you! 
Donald Trump,@TheEXECUTlONER_,The Patriot Voice
Donald Trump,@TPV_John,Vernon Jones
Donald Trump,@VernonForGA,God this guy makes me sick
Donald Trump,@VernonForGA,"RETWEET if you have President Trumpâ€™s back and are voting for him on November 5th, 2024."
Donald Trump,@CalltoActivism,Kari Lake
Donald Trump,@KariLake,"Mr. President, We are with you ALL THE WAY."
Donald Trump,@ybarrap,Here is a validated summary of the facts about Donald Trump:
Donald Trump,@MadelineMarie66,Welcome back Mr. President ! ğŸ¤—ğŸ™ğŸ¼ğŸ”¥ğŸ”¥
Donald Trump,@NCMuscleCars001,Zadok ğŸ’«
Donald Trump,@zadokq244514,"Good sir, brother, for your consideration.."
Donald Trump,@TPV_John,Chris D. Jackson
Donald Trump,@ChrisDJackson,I couldn't decide if I like this guy or not
Donald Trump,@ChrisDJackson,Mickey
Donald Trump,@Mickey17176,Chuzii
Donald Trump,@itx_Humna,Well come back
Donald Trump,@ANUJ_BANSAL738,#DonaldTrump_FOR_WORLD_PEACE 
Donald Trump,@BouchellJohn,Josh Franco
Donald Trump,@3YearLetterman,Jesus is literally behind you sir
Donald Trump,@MattWallace888,âš ï¸ THE ELITE ARE NOT PREPARED TO HANDLE TRUMPâ€™S WAR OF REVENGE AGAINST THEM âš ï¸
Donald Trump,@sbgbobby17,"This recipe looks amazing! Can't wait to try it out, thank you for sharing this."
Donald Trump,@hodgetwins,FREE TRUMP
Donald Trump,@zadokq244514,This guy is the man I love this guy
Donald Trump,@zadokq244514,ğŸ‡ºğŸ‡¸ National Revival #MAGA #AmericaFirst #USA #Trump #trump2024 by Zoomer Waffen
Donald Trump,@elonmusk,Approximately 10 million views per hour of this image
Donald Trump,@DineshDSouza,Trump is the primary target of the #PoliceState
Donald Trump,@tomiahonen,"Hey Loser,"
Donald Trump,@Thoughts7763,"You can't trust people who have a history of flip flopping on issues (unless they sincerely had a change of heart through education and new information).  However, I wouldn't trust anyone who was onboard with mandatory COVID vaccinations (after the first 3 months), banningâ€¦"
Donald Trump,@itscarterhughes,ReFollowed President Trump. Lets make America Great Again and fire the democrats.
Donald Trump,@lukasbadboy,"Thanks for sharing, it''s appreciated."
Donald Trump,@The_Trump_Train,Who else thinks President Trump should come back to Twitter?
Donald Trump,@davidhogg111,Thoughts and prayers ğŸ¥³
Donald Trump,@Lunimor,"Thanks for sharing your perspective, it''s appreciated."
Donald Trump,@JrMoneyGetting,the fact this was the last tweet is hilarious
Donald Trump,@Andy,"Take your toys and go to Florida, Sweetie."
Donald Trump,@Luiiih,"Thanks for sharing your perspective, it''s appreciated."
Donald Trump,@natibronzeri,"Absolutely, and thanks for sharing."
Donald Trump,@greg16676935420,Welcome back donald. Dm me QUICK I have something to tell you
Donald Trump,@ManMadeMoon,Can I have your ticket?
Donald Trump,@real_defender,Welcome back Mr. President!
Donald Trump,@themanumenon,@Sundog512
Donald Trump,@marianafernan91,"You''re making a compelling case, thank you."
Donald Trump,@maisaber,"Thanks for sharing, it''s appreciated."
Donald Trump,@dom_lucre,Make â€˜em hurt Mr. President. Give them the Tweet.
Donald Trump,@David_Leavitt,Trump is choosing to cry over his own bruised ego over helping to unite the country under our new leader by not attending the inauguration of 
Donald Trump,@Audjuice9989,Welcome back Trump!
Joe Biden,@GuntherEagleman,"Not today, dipshit!   Its Easter."
Joe Biden,@EndWokeness,"No we aren't doing this crap, Joe. Today is Easter. Period + ratio."
Joe Biden,@lavern_spicer,"Nigga, you lost the whole Black vote with this shit. Itâ€™s Easter. Not some trans day."
Joe Biden,@SteveGuest,Itâ€™s Easter.
Joe Biden,@DanBilzerian,Fuck right off
Joe Biden,@oncloud_e,"hey man that sounds cool, but what are you actually doing for us right now to show it"
Joe Biden,@Culture_Crit,Today is Easter Sunday.
Joe Biden,@RyanAFournier,Enjoy the ratio.
Joe Biden,@GordoDan_,HAPPY EGGS DAY
Joe Biden,@notanokguy,Youâ€™re the weakest President in American history.
Joe Biden,@alx,The double down is wild
Joe Biden,@jayblackisfunny,Iâ€™m sure the replies to this tweet asking for kindness and respect to be shown towards a marginalized community will be *filled* with the kind of Christian love that Jesus would have wanted from His followers.
Joe Biden,@0HOUR,Christ is King
Joe Biden,@Liberacrat_,You misspelled HAPPY EASTER you loser.
Joe Biden,@wealth_turtle,This is what democrats are celebrating
Joe Biden,@SteveInmanUIC,Happy Jesus Day of Visibility you demon .
Joe Biden,@Liberacrat_,What visibility and rights donâ€™t these people have? Remind me againâ€¦
Joe Biden,@Bubblebathgirl,Today is Easter.
Joe Biden,@MattWallace888,THE BIDEN ADMINISTRATION IS RUN BY A GROUP OF PEOPLE WHO HATE CHRISTIANSâ€¼ï¸  
Joe Biden,@Pismo_B,YOU ARE A SICK PATHETIC TWISTED POS!
Joe Biden,@RonnyJacksonTX,TODAY IS EASTER!!
Joe Biden,@LangmanVince,"Speaking of Transgender Awareness, this one killed 6 people, including 3 children in Nashville last year"
Joe Biden,@hypnoksa,Happy Easter
Joe Biden,@debbieformola,I noticed last week you didnâ€™t mention Vietnams Veterans Day ..but you absolutely needed to announce this !!
Joe Biden,@classicsgroyp,We're celebrating Easter
Joe Biden,@CramerTracker,On Easter?
Joe Biden,@pnwguerrilla,"Now call me crazy, but wouldnâ€™t this imply that there are invisible transgenders? "
Joe Biden,@3YearLetterman,"Itâ€™s Jesusâ€™s birthday, Joel. Delete this"
Joe Biden,@ProgressingCali,"Then go full visibility, release the manifesto."
Joe Biden,@notmrmanziel,Itâ€™s Easter man 
Joe Biden,@FilipeSabara,SHAME ON YOU! Today is Easter.
Joe Biden,@TTEcclesBrown,Joe Biden stands up for women this Easter!
Joe Biden,@LangmanVince,You're truly demonic
Joe Biden,@Liberacrat_,"We saw your real message, Briben.ğŸ‘‡"
Joe Biden,@TheSouthGAJohn,Patriot Day of Visibility is on November 5th
Joe Biden,@Ran_Dumb_Libs,Like a dog that never gets attention ğŸ¤¡
Joe Biden,@BrianNMazzola,"I believe in forgiveness, but if you continue to live this way, thereâ€™s a special place in hell for you, Mr. Joe Biden."
Joe Biden,@MalCan4401,Make them as visible as possible! #TransDayOfVisibility
Joe Biden,@PlanetOfMemes,"I'm sorry, we moved that."
Joe Biden,@MafinhaBarba,You will lose. The American people will not tolerate such disrespect.
Joe Biden,@DieselBABE20,"Youâ€™re a sick, evil, vile man.  Any other dayâ€¦Easter is for JESUS.  I hope this backfires tremendously for you, ğŸ¤®"
Joe Biden,@ConserValidity,Correction #DementiaJoe's Handlers: 
Joe Biden,@Motabhai012,This pretty much explains today's society
Joe Biden,@SameeraKhan,"ITâ€™S EASTER, YOU SATANIC IDIOT."
Joe Biden,@Brick_Suit,A stray template appeared
Joe Biden,@wokeandwoofing,"One of the hardest struggles facing  these deeply oppressed people  is that the very often get mistaken for rich straight white guys who have just put on a dress to flip the game, and climb straight  to the top of the victimhood pyramid."
Joe Biden,@RealComfyfren,This is my least favourite jewish holiday
Joe Biden,@ChristyCanyon11,"For the first time in a long time, I have no words. Iâ€™d seriously had to look four times to make sure that this wasnâ€™t a parody accountâ€¦."
Joe Biden,@raymo_g,Oh f$ck off
Joe Biden,@MatthewJshow,The American people are just sick of the evil installed scumbag in the WH!
Anthony Albanese,@Jennacide12,J.M. Cheer
Anthony Albanese,@jmcheer1,The military-industrial complex doing high fives. 
Anthony Albanese,@_SocialDemocrat,I was totally expecting the pile on.
Anthony Albanese,@OzWiltshire,$1 billion As against $368 billion for AUKUS.
Anthony Albanese,@dyingforashit,Yet none of that will cause you to raise the rate or do anything else for anyone in poverty. 
Anthony Albanese,@MattH093,War criminal
Anthony Albanese,@disirregardless,Great timing dude
Anthony Albanese,@TchhhTchhhh,NOT a defence deal. A war mongering deal!!!!!
Anthony Albanese,@m_aryel_len,heart heart love
Anthony Albanese,@ayshipie,Read the damn room
Anthony Albanese,@songdo101,And the transparency you promised!
Anthony Albanese,@__BreadMaker__,Wait ! I need those electrons for my air conditioner!
Anthony Albanese,@bobbydoobla,with parts imported from... Germany
Anthony Albanese,@VyperMk1,So we are becoming arms dealers now?
Anthony Albanese,@AusPolMate,"Great work. 1,000 well paid JobsğŸ‘ğŸ‘"
Anthony Albanese,@DredgeDiver,No doubt a positive spinoff from Albanese commitment to genocide in Gaza.
Anthony Albanese,@ghosty_gamin,Cut all ties with china and Russia now!!
Anthony Albanese,@DILLIGAF666_,Mickamious
Anthony Albanese,@MickamiousG,"Anyone else noticing whilst the economy is crumbling, Australian's are suffering through a cost-of-living crisis.... "
Anthony Albanese,@1AdjustedOp,So $368 billion (AUKUS) minus the $1 billion for the deal you say you've just done.
Anthony Albanese,@Theblackfemini3,Where are the parts being sourced from? 
Anthony Albanese,@MoiraDeemingMP,But will they be gender neutral?
Anthony Albanese,@notonmywatchfyi,You better hope between then and now ğŸ§ğŸ‘€ğŸ‘€ğŸ¥´ nothing reeves up !! -- just remember china has eyes on their prize by 2027 ... that means any where between now and then .
Anthony Albanese,@maddymadz83,EXPEL THE ISRAELI AMBASSADOR NOW!!!!!
Anthony Albanese,@rambleon26,Here we go a defence export deal with Germany one of the Zionist best friends
Anthony Albanese,@AndyJay16634390,This is starting to wreak of propaganda... Just get on with the job.
Anthony Albanese,@ChanCha52615650,"A future built on war, seriously ğŸ¤¦â€â™€ï¸ come on we can do better than this old mans paradigm. Everyone is broke so let's have a war!! NOT ON MY WATCH! GET WITH THE PROGRAM! Order of the new world. Out with the old."
Anthony Albanese,@zjalapenoo,lockheed deal on or off?
Anthony Albanese,@belyndar,Enough warmongering already. Enough!
Anthony Albanese,@LJPG_23,"Of all days to announce something like this PM; tone deaf and no shame. Australia, leading country in manufacturing war weapons and machinery. Wow, Iâ€™m so proud (not)ğŸ¤·ğŸ¼â€â™€ï¸"
Anthony Albanese,@jewy_420,Resign.
Anthony Albanese,@FlaneurCulture,"The question this raises, is why Germany, the largest manufacturing economy in Europe, canâ€™t produce their own vehicles."
Anthony Albanese,@Maureendoyle52,"You are the greatest embarrassment we have ever had in Australia, yep, even eclipsed the dreaded Morrison. You now have the blood of the Aussie Aid worker on you hands as well. You are a craven coward, grow some balls and speak up against the Zionist in your party."
Anthony Albanese,@Im_just_a_dude8,So are we revving up some sort of war economy now?
Anthony Albanese,@whysofishy,Albo getting ready for war.
Anthony Albanese,@nviolets49,"So will this contract prop up Netanyahu, the Zionists that are into genocide and supply weapons to the IDF  ? Just asking ??????"
Anthony Albanese,@UserHomey,Go phukc yourself Albo!!!
Anthony Albanese,@nickengerer,Make Australia a Republic and end such nonsense!
Anthony Albanese,@SonicTulane,When you actually read the words â€˜his majesty the kingâ€™ you realize how wanky it is and ridiculous that grown people are still playing dress ups like this in 2024
Anthony Albanese,@vmainard,"The next GG that should sack you and your government before you bankrupt us. You are worse than Gough Whitlam, and he was sacked."
Anthony Albanese,@DLiibertarian,"Great, an Activist as Governer GeneralğŸ¤¦â€â™‚ï¸"
Anthony Albanese,@AussieBotStudio,The King also sucks up the climate cult nonsense. Youâ€™re a joke Albo.
Anthony Albanese,@threedogsonekid,â€œA climate change and gender advocateâ€.
Anthony Albanese,@TraceyLee_07,"What a brilliant decision to appoint a climate change/gender equity activist. These are the top priorities for Australians, and it's about time someone took action. ğŸ™„"
Anthony Albanese,@eevblog,"Cool, but is the new GG willing to ensure that the government doesn't violate our civil liberties like what what happened during covid under the previous GG?"
Anthony Albanese,@nogulagsagain,Sam Mostyn never had a real job but she is rather described as a climate change and gender equity advocate. 
Anthony Albanese,@BarnsGreg,This is pathetic. In 2024 having to go to a foreign monarch to appoint his representative in Australia. No wonder we are not fully embraced by Asia 
Anthony Albanese,@QBCCIntegrity,Why are you not respecting the democratic vote of our referendum?
Anthony Albanese,@esilacSynohtnA,Honoured? â€¦You wouldnâ€™t know what that means. 
Anthony Albanese,@crypto_vishu,What era we living - seeking approvals from someone in UK to appoint our own governor - this arrangement and constitution is old and obsolete- not fit for any purpose other than keeping king tax funded. 
Harley Reid,@FootyonNine,"""He's doing don't argues like a 200-game player."""
Harley Reid,@SENWABreakfast,came in strong off the top of the show this morning with the big BREAKING NEWS that Harley Reid has requested a number change ğŸ‘€
Harley Reid,@Cpcc15,Unpopular opinion Harley Reid wonâ€™t win the rising star
Harley Reid,@matt__nicholls,"Harley Reid, West Coast."
Harley Reid,@7Vini_szn,Explain this in football terms.
Harley Reid,@SENWABreakfast,Tim Gossage tells us that Harley Reid has requested a jumper number change from 9 to 17.
Harley Reid,@DanielWarland,Harley Reidâ€™s team mates absolutely burning him at every opportunity. Hate to see it #AFLDogsEagles
Harley Reid,@RubbishYCH,Harley Reid is going to be goodâ€¦ but right nowâ€¦ he isnâ€™t..
Harley Reid,@MattCraigDT,"Not sure if this is forbidden to say, but Harley Reid is looking like I would on a Saturday early in the season. Haven't seen him break out of a jog. #unfit"
Harley Reid,@BrendanfFoster,"In some personal news, Iâ€™ve been made editor of the "
Harley Reid,@BreakevensPod,"1932 with Massimo to play. Harley Reid my lowest remaining score with 54, unless Massimo goes large looking at 1950+. #SuperCoach"
Harley Reid,@sportsbyfry,Power Ranking 2024 #AFLFantasy Cash Cows Round 2 ğŸ’°ğŸ®
Harley Reid,@RCT_10,"""A goal to Harley Reid would get this crowd up and about"" - Kelli is just voicing my thoughts on national TV now"
Harley Reid,@acpea1989,"The way West Coast looked today, there is a great chance that Harley Reid is going to pull a Horne-Francis and leave at seasons end.  #AFLDogsEagles"
Harley Reid,@ben_nexhip,"Sam Mclure said thereâ€™s no possible way Dustin Martin was playing at Richmond this year, he said confidently that West Coast would not take Harley Reid. No credibility whatsoever"
Harley Reid,@LukePH10,Harley Reid being completely shit on by footy supporters already. God this is exhausting
Harley Reid,@TimGossage,The promise of more transparency in 2024 continues with five players being made available to local media at club HQ tomorrow. 
Harley Reid,@reallyrealhans,'Almost untackleable': West Coast Eagle Harley Reid's fend-offs leave teammates in awe https://afl.com.au/news/1095325/almost-untackleable-west-coast-eagle-harley-reids-fend-offs-leave-teammates-in-awe #afl
Harley Reid,@westaustralian,West Coast coach Adam Simpson has defended The West Australianâ€™s coverage of star draftee Harley Reid.
Harley Reid,@LMcKirdy7,West Coast supporters when Harley Reid made that run down the sideline against the Giants. 
Harley Reid,@5edicii,there is no scenario where he needs to be doing all that
Harley Reid,@stevosfooty,feel so bad for Harley Reid just let him go to Geelong where he would love and get heaps of Geelongs picks and players for it
Harley Reid,@giltius,"Save your money Bombers, Harley Reid available in 2 years"
Harley Reid,@MarkDuffield1,What West Coast must do to keep Harley Reid in Perth
Harley Reid,@marmalade_aus,Harley Reid matching up on the Bont
Harley Reid,@yxngbukayo1,If I was Harley Reid I wouldâ€™ve rather been drafted into the army
Harley Reid,@GSambo16,"Would love to see Harley Reid move to halfback, clearly doesnt have the tank to be full-time mid. Let him get use to feeling the ball. #afldogseagles #AFL"
Harley Reid,@leafy17,I don't know who has got a tougher job... 
Harley Reid,@DanielGarb,Eagles have been better than scoreline suggests but getting killed in the ruck. No choice but to keep Bailey Williams in there.
Harley Reid,@cobyhewitt1,"She just said ohh bad miss by Harley Reid ,,, it was Gibney"
Harley Reid,@96FMPerth,What Elliot Yeo said to Harley Reid seconds before THAT early play down the wing ğŸ’™ ğŸ’›  | ğŸ§  Listen here! >> https://bit.ly/4a8pu6g #clairsyandlisa 
Harley Reid,@RocketSmith1985,Do not compare other areas with Colby McKercherâ€¦.. he smashes Harley Reid
Harley Reid,@Johncen16437480,Only w your shitty club will get wont make a difference tho will still be 18th next 10 years
Harley Reid,@RocketSmith1985,Harley Reid wonâ€™t make itâ€¦. Not fit enough
Harley Reid,@ChristouDe60816,I mean anything that says the Eagles are pathetic and Harley reid probably won't stick around
Harley Reid,@FREOGIRL,"He may be an ok up and coming but so far not matching with the other top picks.. Hes been close to the worse pick in SuperCoach which is mostly based on hard ball gets, pressure & efficient use of the ball. Do the talk do the walk."
Harley Reid,@ShaunaDale18,How wonderful
Harley Reid,@ATeeL,Let's go boyyyyy
Harley Reid,@RocketSmith1985,Harley Reid what a superstar of the game!!!!!
Harley Reid,@agsirr_sirr,Any danger of performing tomorrow?
Harley Reid,@Pepsta3,Letâ€™s go Harley!! ğŸ’¥
Harley Reid,@AussiePunter32,"He is, everyone whoâ€™s dealt with him at the club including the general staff all say the same just a genuinely decent nice country kid & heâ€™s had a full year of dealing with the constant media so he copes with it well. Apparently all our kids are really good decent human beingsğŸ™‚"
Harley Reid,@Caprah112,He seems a genuinely good guy. Just hope eagles fans have realistic expectations for him as he gets more experience
Harley Reid,@LALLI2024,Very creepy obsession with a very young man
Harley Reid,@wulth_,those clearances ğŸ¤ŒğŸ’‹
Harley Reid,@wullywool,Oh my he's good
Harley Reid,@whughjackyjacky,Never seen someone more overated
Harley Reid,@lightweightbby,How bout those marks
Harley Reid,@wdidhetho,Did he get a touch all game
Harley Reid,@wdidhetho,I think he's my dad
Myley Cyrus,@maga10,Aloha!!!!ğŸ‘‹ğŸ‘ğŸ‘‹ğŸ‘ğŸ‘‹ğŸ‘ğŸ“â¤ï¸ğŸŒ¹ğŸŒ·ğŸ¬. Psntd.
Myley Cyrus,@powerranger_x,"Absolutely Exceptional, Miley is sexy to the core. I actually had a dream of her yesterday or today, while I was sleeping. How awesome, no joke ,"
Myley Cyrus,@Isa_Massi,That a girl Miles!!! ğŸ˜ğŸ˜˜â¤ï¸ğŸŒ¹ğŸ˜‡
Myley Cyrus,@AntonioMautor,QUEEEEENN.
Myley Cyrus,@Investorsaurus2,U look stunning in this campaign best of luck D&G
Myley Cyrus,@MileyNation13,Lookin' like a model who just got a check âœ¨
Myley Cyrus,@LoveDog910,Looking at these sunglasses makes me want to throw out all my old pairs and start fresh! #DGEyewear
Myley Cyrus,@HChauOffical,Absolutely stunning photos! Can't decide if I'm more in awe of the eyewear or the photography skills. Amazing work!
Myley Cyrus,@fearqueerhorror,Love it queen 
Myley Cyrus,@AIDE_DePIN,"Can't see myself affording those designer sunglasses, but I can definitely admire them from a distance. DGEyewear"
Myley Cyrus,@httpsrealitys,GOOOOOO
Myley Cyrus,@Flo_Hauz,Love the looks! Those frames with the clear lenses look sooo good !
Myley Cyrus,@Isa_Massi,I'm glad that 
Myley Cyrus,@send2marie,"This is so hot, Miley omg!"
Myley Cyrus,@MileyEdition,These photos are insane ğŸ”¥
Myley Cyrus,@MileyEdition,Miley Cyrus x Dolce & Gabbana ğŸ˜â¤ï¸
Myley Cyrus,@wilkystorm,you are so f*ing hot
Myley Cyrus,@khalidauad,WE NEED THE SONG ON SPOTIFY
Myley Cyrus,@MileyCyrusBR,Queen of glasses 
Myley Cyrus,@MileyEdition,TWO LEGENDS!! Its literally so perfect!!
Myley Cyrus,@MileyEdition,II MOST WANTED
Myley Cyrus,@MileyCyrusBR,WE NEED AN LIVE PERFORMANCE ğŸ©¶
Myley Cyrus,@MTV,THE SONG IS SOOOO GOOD
Myley Cyrus,@beyoncegarden,OH EXACTLY MILEY AWWWğŸ˜­ğŸ˜­ğŸ˜­ğŸ¥¹ğŸ¥¹ğŸ¥¹
Myley Cyrus,@Unapologetic_Z,BEYHIVE LOVES YOU MILEY!!!
Myley Cyrus,@Verizon,The queen isnâ€™t the only one with bars ğŸ“¶
Myley Cyrus,@JoshJay990,We LOVE YOU 
Myley Cyrus,@httpsrealitys,BEST DUO EVER â¤ï¸â¤ï¸â¤ï¸â¤ï¸â¤ï¸
Myley Cyrus,@taradublinrocks,I love this sisterhood so much #COWBOYCARTER
Myley Cyrus,@redforjanet,THE LEGENDNESS JUMPED OUT?!
Myley Cyrus,@redforjanet,"Hearing Miley & BeyoncÃ© on the same track has to be my favorite part of the night, honestly. They meshed into one right before my ears."
Myley Cyrus,@khalidauad,MOTHERS
Myley Cyrus,@youtubemusic,this song is IINSANE omg ğŸ˜­
Myley Cyrus,@alexissTyler,Hope youâ€™re on the next album ğŸ’¿ğŸ’¿ now playing â€œangels like you
Myley Cyrus,@viniwho,"Love u so much, so happy to see everything u are achieving â¤ï¸"
Myley Cyrus,@MileyMedia,"you both were amazing, love YOU & the song so much, weâ€™re so proud of you MCğŸ¤"
Myley Cyrus,@MorpheBrushes,SCREAMING AND CRYING RN ğŸ˜­
Myley Cyrus,@msyonceslay,Yes Miley we love it ğŸ¥¹ğŸ¥¹ğŸ¥¹ğŸ¥¹ğŸ¥¹
Myley Cyrus,@MileyCyrusBR,QUEENS ğŸ’•
Myley Cyrus,@purethiquekj,"if you only knew how long iâ€™ve dreamed about this collaboration, iâ€™ve been a fan of the both of you since 2014 and yâ€™all truly made me be the person i am today, iâ€™m so proud and grateful ğŸ¤"
Myley Cyrus,@ObsessedSmiler,MOTHER YOU ATE OMG
Myley Cyrus,@goonica_denise,babygirl the singing you put down on this one here
Myley Cyrus,@MileyCyrusBR,WE LOVE U GIRLS ğŸ©·
Myley Cyrus,@s0urpatchkiid,easily one of my favorite songs i canâ€™t wait to see this live you ate queen
Myley Cyrus,@__Onixivy_,MILEYONCÃ‰ STANS WINNING!!!!!!
Myley Cyrus,@Bey_riding,Love you Miley
Myley Cyrus,@LeeLovesBey,the song is so amazing ğŸ¥¹ we love you miley
Myley Cyrus,@godisyung,Everyone get up!!!!!!!! STREAMMMMMMM
Myley Cyrus,@viewsxpic,Yoooooo!!! This is where The  Original Shirt Link guys ğŸ”¥ğŸ”¥ğŸ”¥
Myley Cyrus,@_melayela_,Period.â€
Jake Paul,@Der_Vevemeister,Will your fight versus Tyson be real? Or a show fight? I'd really like to know.
Jake Paul,@sugaFreeFC,Better be ready for $MYKE 
Jake Paul,@AST_ute,"Sorry thats incorrect, this is the joint worst MVP Prospects card (along with number 2). The others were either headlined by Ashton Sylve, Amanda Serrano or Jake Paul."
Jake Paul,@Kimbo_Sabbi,"Exhibition fight against a 60 year old man is not real boxing or any contribution to boxing in any way, shape or form. Its a circus show ğŸ¤·ğŸ»â€â™‚ï¸"
Jake Paul,@Haha_Soha,"Ready to watch some NCAAW games, but let's be real, I'll probably spend half the time yelling at the screen and the other half marveling at these athletes' skills. Win or lose, they've already won our hearts and kept us entertained. Cheers to them, and to us fans who ride theâ€¦"
Jake Paul,@JimmyMack0320,Jake Paul taking his expo fight with Tyson more seriously than 
Jake Paul,@AltcoinGordon,When are you fighting the pensioner?
Jake Paul,@dylonmusk_,Play the game boy
Jake Paul,@GodlyDevotions,Praying for a blessed day for everyone reading this ğŸ™ â¤ï¸
Jake Paul,@fanscorecard,Jake always brightens my day!
Jake Paul,@W_M_T_V_,KSI owns you dawg
Jake Paul,@triffic_stuff_,Thoughts on this Jake?
Jake Paul,@KSI,"Iâ€™m back baby! Fighting 75 year old legend and former champ. Donâ€™t worry, age ainâ€™t nothing but a number. Forman hits harder and is faster than ever before!"
Jake Paul,@TheKingofJewelz,this guy is launching
Jake Paul,@lezramgomez,is this guy the goat
Jake Paul,@finestkhidhb,We are watchingğŸ‘€
Jake Paul,@Jmagings,April Fools!!
Jake Paul,@GeekyGlimpse,ğŸ˜ğŸ˜
Jake Paul,@ItsTheD0n,Wasup
Jake Paul,@Slickwilly617,Bro angel reese is not lettin you hit
Jake Paul,@breezybetter07,"Is that it? Is that the tweet youâ€™re going with? Wow! As your biggest fan since 1947, Iâ€™m not impressed. You know, when it comes to expressing your thoughts on Twitter, you have the freedom to use up to 280 characters in a single tweet. It's incredible to think that there areâ€¦"
Jake Paul,@TrRonaldoCR7,1 bitcoin Ä± need ğŸ¤²ğŸ»â¤ï¸
Jake Paul,@KazzeeJ,you to busy looking for fights in the retirement home ğŸ˜…
Jake Paul,@GrokovichNik,Try to beat this guy ğŸ˜
Jake Paul,@dandeitz2,To bad you canâ€™t be like that for boxing fans
Jake Paul,@akaEmerge,I don't want to lose anymore money on Jake 
Jake Paul,@ivanrybachuk,Hello JakeâœŒğŸ»
Jake Paul,@fawcett_he82331,Hi jake tell logan i said happy birthday
Jake Paul,@JoeBets007,Put it on betr
Jake Paul,@5sKade,Letâ€™s go champ
Jake Paul,@John117Jackson,Geaux Tigers!
Jake Paul,@Nanovargas44,Fight a boxer
Jake Paul,@LukeJarrett1892,Ur just ksiâ€™s pet
Jake Paul,@smoke24356,Yuck tweet
Jake Paul,@BloodRawTruth,"hi my name is jake paul, Im a feminist, please pay me"
Jake Paul,@Holywarsenal,Has anyone noticed he tweets after ksi violates him ğŸ˜­ bro acting like he donâ€™t see it
Jake Paul,@AXDVEmzGgN25234,We ainâ€™t watching them dishwashers ğŸ˜­ğŸ˜­ğŸ˜­
Jake Paul,@AshtonPillow3,How much they pay you to say that?
Jake Paul,@_Mo2001_,W for fighting old age pensioners Jake
Jake Paul,@JKINGS314,You take roids
Jake Paul,@DanaIsGoated,Nobody watching it like your fights ğŸ˜‚
Jake Paul,@GodlyDevotions,Praying for a blessed day for everyone reading this ğŸ™ â¤ï¸
Jake Paul,@dewrlddd,We good
Jake Paul,@ittybitty0titty,Sounds like a stacked lineup! Can't wait to catch the action live on 
Jake Paul,@Aus10Boxing,This guy do be a lil fire
Jake Paul,@Allday215757,"If you want ppl to take you serious in boxing why not fight, Tank, Canelo, Danny Garcia, Devin Hainey. Shoot Iâ€™ll even take Caleb Plant. But you continue to fight ppl with no boxing background or washed up UFC fighter. The REAL boxing community take you as a joke."
Jake Paul,@TheLordsLegion,More real than your fight against Tyson.
Jake Paul,@omiherd,Ohhhhh Yea Gotcha Belt lol lol lol
Jake Paul,@Masterclas66394,Nobody knows who these ppl are?
Jake Paul,@oliviakayax,im not watching a bunch of nobodies box each other
Taylor Swift,@helltonrds,my Facebook account got hacked and suspended. How do I get my account back ğŸ˜¿
Taylor Swift,@MonsieurFAlls,"Finally, some new music to drown my sorrows in... Can't wait to cry and sing along to THE TORTURED POETS DEPARTMENT!"
Taylor Swift,@Polvale2,Can't wait to dive into this album and explore the highs and lows of love and poetry. April 19th can't come soon enough!
Taylor Swift,@zwzzssksxx1,"Can't wait to dive into this poetic masterpiece, I've been needing some tortured poet vibes in my life! April 19 can't come soon enough."
Taylor Swift,@BearxFromMARS,Can't wait to dive into THE TORTURED POETS DEPARTMENT album on April 19! Who knew love and poetry could be so entertaining?
Taylor Swift,@KochClaudeg,"Finally, an album that speaks to my tortured soul! Can't wait to drown myself in poetic despair. April 19 can't come soon enough."
Taylor Swift,@BearxFromMARS,Can't wait to listen to the angsty sonnets and heartbreak ballads on THE TORTURED POETS DEPARTMENT album! Love a good poetic cry session.
Taylor Swift,@PeterinL57476,Can't wait to dive into the poetic drama! April 19th can't come soon enough. Love and poetry - what could go wrong?
Taylor Swift,@FelipeS86385650,The album THE TORTURED POETS DEPARTMENT explores the depths of love and emotions beautifully. Can't wait!
Taylor Swift,@danyfun66,"Finally, an album for those of us who can't express our feelings in a normal way! Can't wait to hear it."
Taylor Swift,@gomes_vtor,"Excited to dive into this poetic rollercoaster! Hoping it doesn't leave me too tortured...well, maybe just a little. ?"
Taylor Swift,@VinylVogue,"Taylor, you're a true inspiration! I'm launching a record store to support local music programs, and I'd love your support. Let's keep the music playing for future generations! ï¿¼ï¿¼"
Taylor Swift,@camuflageee,"Can't wait to dive into the angsty, heart-wrenching lyrics of THE TORTURED POETS DEPARTMENT. Finally, a soundtrack for my dramatic love life!"
Taylor Swift,@the_alex_x15,Can't wait to dive into this album and get my heartbroken by some soulful poetry! April 19 can't come soon enough.
Taylor Swift,@gomes_vtor,Can't wait to dive into THE TORTURED POETS DEPARTMENT album! Love and poetry â€“ hopefully no heartbreak songs on there! April 19 hurry up!
Taylor Swift,@CottingLuds1,Can't wait to dive into this new album and explore the tortured souls of the poetic world! April 19 can't come soon enough.
Taylor Swift,@the_alex_x15,Excited to drown my sorrows in some poetic melodies! Can't wait for THE TORTURED POETS DEPARTMENT to drop on April 19.
Taylor Swift,@zpweiheng,Can't wait to dive into the poetic depths of THE TORTURED POETS DEPARTMENT album! Love and heartbreak never sounded so good.
Taylor Swift,@messuwanted,Looking for tickets to buy ERAS TOUR 2024 TAYLOR SWIFT EUROPE
Taylor Swift,@selenesoledad,Can't wait for the new album! The Tortured Poets Department sounds like it's going to be amazing.
Taylor Swift,@blacksprawl,"Can't wait to dive into the emotional rollercoaster of THE TORTURED POETS DEPARTMENT album. Love and poetry, what a perfect combo!"
Taylor Swift,@AIDE_DePIN,"Finally, an album for all us heartbroken wordsmiths out there. Can't wait to drown in the sorrowful melodies."
Taylor Swift,@AssBeautyass,I can't wait to hear the emotions poured into this new album from THE TORTURED POETS DEPARTMENT.
Taylor Swift,@khacnghia2902,I from VietNam â¤ï¸â¤ï¸â¤ï¸â¤ï¸â¤ï¸
Taylor Swift,@ON9CCSeng,Can't wait to dive into this emotional rollercoaster of a album! Grabbing tissues and preparing for all the feels.
Taylor Swift,@sunkwaking,"I can't wait to dive into THE TORTURED POETS DEPARTMENT, I know it's going to be amazing!"
Taylor Swift,@KochClaudeg,Can't wait to dive into this album and drown in some poetic anguish. April 19 can't come soon enough!
Taylor Swift,@DJ9035617762581,"Can't wait to get my hands on this! Finally, a soundtrack for all my dramatic relationship woes. Poetry and heartbreak, music to my ears."
Taylor Swift,@Polvale2,"Just what I needed to elevate my emo vibes! Can't wait to drown in the sea of tortured poet feels. April 19, hurry up!"
Taylor Swift,@elleffe_,"Finally, a soundtrack for all of us tortured souls out there! Can't wait to make my dramatic poetry readings even more dramatic with this album."
Taylor Swift,@tolgaerpik,"I can't wait to listen to THE TORTURED POETS DEPARTMENT album, love Taylor Swift's artistry!"
Taylor Swift,@dtygghgfdry,"You''re contributing meaningfully, thank you."
Taylor Swift,@lkbahar90045406,"Finally, a soundtrack for my deep, melodramatic soul. Can't wait to drown in poetic angst.??"
Taylor Swift,@10HeMaEmAm,"Finally, a soundtrack for all those emotional rollercoaster moments! Can't wait for THE TORTURED POETS DEPARTMENT to drop on April 19."
Taylor Swift,@OneBadDude_,You look eerily similar to the daughter of the founders of the church of Satan.
Taylor Swift,@Laza43805690,"Taylor Swift's Eras Tour spans three and a half hours, featuring hits like ""cardigan"" and debuting four new tracks."
Taylor Swift,@Drake__Just,I can't believe I can now watch all of Taylor Swift's incredible performances whenever I want!
Taylor Swift,@zinabe7,"Absolutely, and thanks for sharing."
Taylor Swift,@Omnifii,screenshot this if you love taytay
Taylor Swift,@CarreraRoselin,"Agreed, thanks for sharing your thoughts."
Taylor Swift,@teuteuandrade,I can't believe I can now stream all 3 and a half hours of Tay Tay's concert on Disney Plus! Can't wait to listen to all of her new acoustic songs.
Taylor Swift,@MariaMafedipa,"Agreed, your perspective sheds light."
Taylor Swift,@donalduck_,"Spot on, I couldn''t agree more."
Taylor Swift,@LuisMadden,"Absolutely, thanks for your contribution."
Taylor Swift,@aleymar_0709,"Appreciate your comment, thank you."
Taylor Swift,@bravosambigotes,"Agreed, thanks for sharing."
Taylor Swift,@lupusssgc,"You''re making a strong point, thank you."
Taylor Swift,@echacon12,I am absolutely obsessed with Taylor Swift's acoustic songs from The Eras Tour on Disney Plus! They are pure magic.
Taylor Swift,@BaseMan14,I am so excited to stream Taylor Swift's The Eras Tour on Disney Plus. It's a must-watch!
Taylor Swift,@Laza43805690,"Taylor Swift's The Eras Tour would be an incredible experience, showcasing her evolution as an artist over the years. With performances including hits like ""cardigan"" and four new songs, fans would be transported through time and get a taste of Swift's incredible musical journeyâ€¦"
Lebron James,@DanCampbellGOAT,Heâ€™s just lucky he isnâ€™t coaching you! We all know what you do your coaches ğŸ˜’
Lebron James,@shivaye01,The richest man in the world.. ğŸ˜Š
Lebron James,@UtdStagy,The NBA wouldnâ€™t be the same without you.
Lebron James,@UtdStagy,King!
Lebron James,@tryhavocenergy,Is he in fortnite tho?!?
Lebron James,@2sush,keep going on and keep blessing us ğŸ™
Lebron James,@Dirti_SEI,dirty dog
Lebron James,@cryptoknig65902,goatğŸ‘ğŸ‘ğŸ‘ğŸ‘ğŸ‘
Lebron James,@wealth_turtle,Heâ€™s definitely not perfect
Lebron James,@UtdStagy,Please donâ€™t retire anytime soon ğŸ™ğŸ½
Lebron James,@ParsonsTakeover,No diddy KING
Lebron James,@T_ee_mex,What you doing bruh
Lebron James,@Nehemias77Cas,The one english comment your looking for
Lebron James,@UtdStagy,God bless you
Lebron James,@wojdespn,Lebron pls check your dm's from me
Lebron James,@dekunleaa,skippa lebron james is ma captain
Lebron James,@Vladan48186430,Who else is out here speaking fax about lebron like me
Lebron James,@braakyz8,Goatest player of all time he's my man
Lebron James,@Maleekback,Lebron the Goat
Lebron James,@pearl1541253,Such a cute Guy ğŸ˜ğŸ’•ğŸ’•ğŸ’•ğŸ’•
Lebron James,@sparkle0100,Legend
Lebron James,@ParsonsTakeover,He looks like you KING
Lebron James,@Teeeisback,He's handsome too
Lebron James,@marionnettea,That doesn't even make sense
Lebron James,@saif5553333,Nice game tonight lebronto
Lebron James,@sparkle0100,King ğŸ¤´
Lebron James,@wealth_turtle,Heâ€™s lowkey ugly
Lebron James,@scarydrea,this is such a nice way to flirt with him
Lebron James,@ohmcrae,Goat
Lebron James,@w5w99,wait wait wait this is the guy
Lebron James,@BOOGIE7278,Just like his Pops right? Congrats Coach!ğŸ‘ğŸ¿ğŸ‘ğŸ¿ğŸ’
Lebron James,@Meech330BBG,ğŸ™ğŸ¾
Lebron James,@goat7_cr7,U r my sunshine
Lebron James,@GetBaitedSir,AYOOOOOOO
Lebron James,@DADDYD_118,PEDâ€™s
Lebron James,@luck43130,$LBRN TO THE MOON ğŸš€ğŸš€
Lebron James,@bobbybowe66,Thatâ€™s a Great Irish name Joyce weâ€™ve had 
Lebron James,@crackloverrr,bronny goin there fosho
Lebron James,@jsllybeans,i wish i was born in this type family
Lebron James,@oyedun_emiola,That's a wrap thumbs up
Lebron James,@theo4982,you are my SUNSHINE
Lebron James,@theBarkhantimes,Bronny going to Dusquesne confirmed
Lebron James,@ownedbychoppa,BRONNY TO DUQ â€¼ï¸â€¼ï¸â€¼ï¸
Lebron James,@THEEJoeMess,Uh oh . Would be WILD
Lebron James,@TheBlackOffice2,Stop already smh
Lebron James,@JoshuaNoah21,#nodiddy #Diddler
Lebron James,@lakeshowbronc0,is this your king why not?
Lebron James,@KeshaunEmerson,Welp
Lebron James,@KenHill11,"I admire how you always show appreciation, support, and loyalty to your family/friends and kids from Akron/Cleveland  & Columbus, Ohio. I am sure you've shared some plays/ ideas & tips with him already. Respect ğŸ‘ğŸ¾ğŸ‘ğŸ¾"
Lebron James,@Pennflex_GM,The King has spoken ğŸ™Œ
Billie Eilish,@BillieEilishBR,okâ€¦
Billie Eilish,@dnk900,YES!
Billie Eilish,@WWEderrickanoi4,Awesome
Billie Eilish,@Makjesty,Milli Billie Irish Eilish ğŸ«¶ğŸ¾âœ¨
Billie Eilish,@bloodylikeabody,ITâ€™S BEEN 5 YEARS?
Billie Eilish,@billiestreams__,genius album ending
Billie Eilish,@billiestreams__,billie now be3 please
Billie Eilish,@st0pbeingflirty,WHAT NOW?!
Billie Eilish,@KxngPlayzYT,We would like to celebrate the new album
Billie Eilish,@KxngPlayzYT,My debut single â€œWhen I Thriveâ€ is officially out now!
Billie Eilish,@therrese_,clean
Billie Eilish,@EgheFamous,AOTY for a reason!
Billie Eilish,@feelthemusicglo,Yes!ğŸ†ğŸš€ğŸ¶ğŸ«¶ğŸ‘Œ
Billie Eilish,@Teslaconomics,Yo quiero un Tesla en Argentina ğŸ‡¦ğŸ‡·
Billie Eilish,@cardosojr1999,Libera mulher
Billie Eilish,@BillieSpotify_,We want to celebrate with new music! â¤ï¸
Billie Eilish,@Darrienprkr11,"Wow, been playing tf out of this for the past week lol "
Billie Eilish,@dsambitch,girl bye.
Billie Eilish,@asheseilish,count ur DAYS
Billie Eilish,@thebe3era,MOVE BILLIE MOVE
Billie Eilish,@itisangiec,will always be my favorite album ğŸ–¤
Billie Eilish,@KyleAMitchell,"i remember this, wait, what is it?"
Billie Eilish,@MarkG52480690,Youâ€™re the best at doing youâ€¦ so keep doing youâ€™re
Billie Eilish,@paperboxZ,always be waitingğŸ¥‘
Billie Eilish,@Maritza12885182,Cool ğŸ˜ğŸ‘
Billie Eilish,@VaniaRobles24,Weâ€™ve been listening ğŸ˜³ğŸ¥¹ğŸ¥¹ğŸ¥¹ğŸ¥¹ğŸ¥¹ğŸ˜­ 
Billie Eilish,@erinseilish,celebrate a new album announcement?
Billie Eilish,@st0pbeingflirty,run from them haters gurl
Billie Eilish,@venus_moons0,the notif gave me a stroke actually
Billie Eilish,@erikaluvsidsb,palladium
Billie Eilish,@johanburgershop,my invisalign has i have taken i have taken out my invisalign and this is the album hahhahahahhahahhahahhahhahahaaaaaaaa
Billie Eilish,@joeltovarr,well letâ€™s say HELLO to the new era
Billie Eilish,@_positions__,ok now what?
Billie Eilish,@BillieSpotify_,NOW PLEASE ANNOUNCE SOMETHING
Billie Eilish,@bloodylikeabody,Now whatâ€™s gonna happen
Billie Eilish,@dsambitch,atp we're tired
Billie Eilish,@ComuBillieBR,BE3 RN?????
Billie Eilish,@andrewscomet,you and your boss are annoying
Billie Eilish,@therrese_,BE3 PLEASE
Billie Eilish,@outfotime,GIRL ANNOUNCE THE FUCKING ALBUMMM
Billie Eilish,@BillieSpotify_,OMG
Billie Eilish,@QGBillieEilish,Omg drop the album billie
Billie Eilish,@thisdracarys,I can't do this right no your so hot
Billie Eilish,@outfotime,DROP THE ALBUM
Billie Eilish,@AbcdHard,Billie is a bosslady queen
Billie Eilish,@outfotime,ANNOUNCEMENT
Billie Eilish,@InfoBillieBR,the one english TWeet your looking for...
Billie Eilish,@KxngPlayzYT,goodbye
Billie Eilish,@KxngPlayzYT,My debut single â€œWhen I Thriveâ€ is officially out now!
Billie Eilish,@SUGARBOY_SMALLY,You are better than cardi b
Kim Kardashian,@MudasarJatt,Having ticklesğŸ¤£
Kim Kardashian,@rl27base,Cyber babe!
Kim Kardashian,@SwapSpaceCo,Easy change any crypto without registration  
Kim Kardashian,@SwapSpaceCo,ğŸ’¸ Earn profit with our Affiliate Program
Kim Kardashian,@Trycolour,Your don't even
Kim Kardashian,@Motabhai012,Love is the answer.. â¤ï¸
Kim Kardashian,@MudasarJatt,I want to be ğŸ’–
Kim Kardashian,@arbabzia555,gorgeous
Kim Kardashian,@AhmadAl11754421,Where are you going ğŸ˜
Kim Kardashian,@shakiransari93,Nice outfit
Kim Kardashian,@fatiii4546,Looking so amazing
Kim Kardashian,@Merysondax,Can i be yours ğŸ¥¹ğŸ’¦
Kim Kardashian,@paolacharamina,I guess this is ok
Kim Kardashian,@MudasarJatt,He doesn't aspectingğŸ˜œ
Kim Kardashian,@MudasarJatt,OOOOh kim I know what time it is
Kim Kardashian,@zaqrider,Keep shinning
Kim Kardashian,@CLalChaudhary,Bobo
Kim Kardashian,@MudasarJatt,Deadly wifeğŸ¤£
Kim Kardashian,@sp5derj2,i need more skims menğŸ˜«ğŸ˜«
Kim Kardashian,@chrgarciax,Who needs a personal trainer when you have a toddler? Running after them all day is the ultimate workout! ??
Kim Kardashian,@10HeMaEmAm,Seems like someone's been on a bit of a shopping spree! Maybe I need to take up knitting too...
Kim Kardashian,@gomes_vtor,Sounds like I need to up my selfie game if I want to attract a potential mate. Maybe it's time to invest in a selfie stick!
Kim Kardashian,@miiziipRiinZz,Sounds like my kind of diet plan - all the pizza I want without any guilt!
Kim Kardashian,@10HeMaEmAm,Who knew a conversation about socks could be so entertaining? I might have to rethink my sock drawer now!
Kim Kardashian,@lunamaxi29,"Just when you thought Mondays couldn't get any worse, I spilled my coffee all over my keyboard. Guess I'll be typing with sticky keys all day."
Kim Kardashian,@YachtApe91521,Who needs a personal trainer when you can just chase your toddler around all day? momlife
Kim Kardashian,@KochClaudeg,Looks like we've got a real-life superhero on our hands! Who knew saving the day could involve so much dental work?
Kim Kardashian,@gomes_vtor,"Wow, this article really opened my eyes to the importance of wearing matching socks. Who knew my fashion choices could make such a difference?"
Kim Kardashian,@DjaysonPetrovsk,Looks like I'll be eating ramen noodles for the next month after seeing those holiday shopping receipts.
Kim Kardashian,@EnerHocaoglu,Dat ass ages like fine wine
Kim Kardashian,@EnerHocaoglu,I wanna clean all over that thing
Kim Kardashian,@amparoal27,"Wow, I had no idea llamas could be so sneaky! Watch out for those crafty little critters!"
Kim Kardashian,@LukeThesen,That's like trying to find a needle in a haystack! Good luck to the brave soul who attempts that challenge.
Kim Kardashian,@tibberton1376,Trying to figure out if my great grandma's secret recipe for meatloaf is worth risking getting haunted by her ghost.
Kim Kardashian,@hindusquotes,Can't believe I used to think eating kale was trendy. Now I'm all about that cauliflower craze! Who knew vegetables could be so hip?
Kim Kardashian,@elleffe_,"Wow, who knew that talking to plants could actually help them grow? I might start having full-on conversations with my houseplants now!"
Kim Kardashian,@kai02eksalazar,Who knew a simple question could lead to such a hilarious debate among friends! Never underestimate the power of asking 'what if'.
Kim Kardashian,@LukeThesen,"Looks like someone's been sneaking into my pantry at night! Those missing snacks definitely weren't eaten by ghosts, that's for sure."
Kim Kardashian,@Schommero62,Seems like my dog has been practicing her escape artist skills... guess I need to up my game on securing the backyard!
Kim Kardashian,@BatKingAte,Whirlwind for sure ğŸ˜¦
Kim Kardashian,@UnRayananas,Good car
Kim Kardashian,@meerhassankhan7,A perfect blend of style and sustainability.ğŸ’•
Kim Kardashian,@UnRayananas,When are returning my truck Kim?
Kim Kardashian,@meerhassankhan7,She's a boss
Kim Kardashian,@gigachad,When are you returning my truck Kim?
Kim Kardashian,@Surendrajaat01,Beautiful
Kim Kardashian,@grandeiscozy,girl the boycott so you just donâ€™t care?
Kim Kardashian,@2sush,Malibu hits different beautiful ğŸ§¡ğŸ”¥
Kim Kardashian,@2sushi3234,That ass aint bad fam innit
Kim Kardashian,@2343hhourstogo,Why would you risk that with that car..
Cristiano Ronaldo,@GodlyDevotions,Praying for a blessed day for everyone reading this ğŸ™ â¤ï¸
Cristiano Ronaldo,@IbkSports,Canâ€™t wait to see you win 2034 FIFA World Cup..ğŸ’ªğŸ¾ğŸ”¥
Cristiano Ronaldo,@kofi_adofo69,They should rigged the World Cup for youâ€¦just like how Qatar did it for Messi.
Cristiano Ronaldo,@bchinyakata,When Cr7 put on a disguise and no one recognised him
Cristiano Ronaldo,@monthermh5,The greatest of all time ğŸ’œğŸ˜¤ğŸ¤¯
Cristiano Ronaldo,@fawogyimiiko,You yourself havenâ€™t had a taste of a World Cup so how are u going to support someone to bring a World Cup to Saudi ğŸ˜‚ğŸ˜‚ğŸ˜‚
Cristiano Ronaldo,@Views09,"Ambassador for Portugal 2030 and Saudi Arabia 2034, thatâ€™s my goat ğŸ"
Cristiano Ronaldo,@SpiderManSpeak,Best goal of Ronaldo ğŸ¤©ğŸ¤©ğŸ¤©
Cristiano Ronaldo,@hasanalnaqour,Great Support 
Cristiano Ronaldo,@Q97m_,Greatest of all time ğŸ
Cristiano Ronaldo,@TotallCR7,This is why we are all behind you my IDOLO ğŸ
Cristiano Ronaldo,@farhan_alfarhan,What good luck has brought you to a nation that loves peace and humanity .
Cristiano Ronaldo,@UnitedRadar,This man is influentialğŸ˜­
Cristiano Ronaldo,@hermioneoswin,He is really the greatest and most influential sportsman to ever exist.
Cristiano Ronaldo,@TheVxlverdeSzn,Automated
Cristiano Ronaldo,@hullf,Ggggoooooooooooaaaaaaaatâ¤ï¸â¤ï¸â¤ï¸â¤ï¸ğŸğŸğŸğŸğŸğŸğŸğŸğŸğŸ
Cristiano Ronaldo,@ronaldowarrior,Maturity is when you realize that Ronaldo is better than Messi.
Cristiano Ronaldo,@Arslanshah46,Goat
Cristiano Ronaldo,@AAKHIRI__SACH,"Well played ğŸ‘, proud of you ğŸ«¶â¤ï¸"
Cristiano Ronaldo,@CFCBlaze_,ğŸš¨ ğğ…ğ…ğˆğ‚ğˆğ€ğ‹ | Cristiano Ronaldo has won the Player of the Month award in the Saudi Pro League! ğŸ‡µğŸ‡¹ğŸ
Cristiano Ronaldo,@abomnal,"We are also proud of your presence at Al-Nasr Club, Saudi Arabia. Thank you, #CristianoRonaldo"
Cristiano Ronaldo,@FazalElahiKhosa,Wonderful Dear Ronaldo
Cristiano Ronaldo,@faniranafanira1,Great sir
Cristiano Ronaldo,@kenkarmah,The dream is big and realistic. I pray to be a witness. Here come 2034.
Cristiano Ronaldo,@zeeshandigisink,great
Cristiano Ronaldo,@DuchaiTb,Yes ğŸ”¥ğŸ”¥ğŸ”¥
Cristiano Ronaldo,@quizmasterahmed,Waw.. Hope u will be a legend this time and retired
Cristiano Ronaldo,@hashimsaqi258,Amazing
Cristiano Ronaldo,@okpraalekwu,Big name
Cristiano Ronaldo,@Ujala4u,Best wishes
Cristiano Ronaldo,@sleyvinlegend,Letâ€™s make it happen and you better play too ğŸ˜‚ğŸ™ŒğŸ¿
Cristiano Ronaldo,@AlizeyAdeel,Love you sir
Cristiano Ronaldo,@LebaKevin,Love
Cristiano Ronaldo,@esaambaba,This nice
Cristiano Ronaldo,@Harvey_Speectr,I love Ronaldo
Cristiano Ronaldo,@JawadKh06093517,Amazing star
Cristiano Ronaldo,@LilMoGh,Bottled the champions league when it mattered 
Cristiano Ronaldo,@Views09,The last time Messi scored a club hatrick Ronaldo was still at Juventus. Cook them idoloğŸ¤£ğŸ¤£
Cristiano Ronaldo,@AsieduMends,No World Cup trophy hahahaha
Cristiano Ronaldo,@Mompha_Gives,The greatest goat
Cristiano Ronaldo,@RandomTheGuy_,Name Something Ronaldo Can't Do ğŸ¥¶
Cristiano Ronaldo,@Vinod_r108,"Cristiano Ronaldo's stunning headed goal against Sampdoria, rising 2 meters 56 centimeters."
Cristiano Ronaldo,@saintmufc,Ageing like fine wine ğŸâ¤ï¸
Cristiano Ronaldo,@abazwhyllzz,Why didnâ€™t you do all of this in Juventus or when you returned to Manchester United? Why did you run from Europe if you are not slowing down ?ğŸ˜‚
Cristiano Ronaldo,@Vinod_r108,2 beautiful hearts â¤ï¸
Cristiano Ronaldo,@TotallCR7,ALWAYS BEHIND YOU MY IDOL ğŸ
Cristiano Ronaldo,@OlaseniFeyisayo,THE GREATEST PLAYER EVER TO PLAY THE BEAUTIFUL GAME OF FOOTBALL âš½ï¸  !!!!!
Cristiano Ronaldo,@Queen_Aeesha,Gather here if you farming $PARAM  for a 2x points
Cristiano Ronaldo,@aditya_web3,Who's the ğŸ
Cristiano Ronaldo,@ellyserwaaa,Where is your World cup trophy
Jimmy Kimmel,@zaqrider,Another BangğŸ‰
Jimmy Kimmel,@Lunazmom2,I am never watching anything either of you produce ever.
Jimmy Kimmel,@Ink8Judy,I'M STILL CRACKING UP WITH JIMMY'S 
Jimmy Kimmel,@DadioKillerB,I don't get this joke
Jimmy Kimmel,@kareemjeanjr,Oscars ratings were awful. Amercia KOâ€™d Jimberly again.
Jimmy Kimmel,@Burrow2ChaseTD,Imagine being grown men and this obsessed with bashing another grown man
Jimmy Kimmel,@RobertHollist7,Jimmy when you go to prison are you going to do blackface again ğŸ¤¡ğŸ¤¡ğŸ¤¡ğŸ¤¡
Jimmy Kimmel,@ScoutKopfjager,Newsflash. You and DeNiro are both irrelevant. No one cares. ğŸ˜¹ğŸ˜¹ğŸ˜¹ğŸ˜¹ğŸ˜¹
Jimmy Kimmel,@leo_arellano92,No one likes yall lmao
Jimmy Kimmel,@PatrickLac007,#banjimmykimmelshow
Jimmy Kimmel,@EricTrammel3,You made Trump a cartoon villain!  I love you Jimmy â£ï¸. You are so awesome ğŸ˜
Jimmy Kimmel,@WenDogeCoin,Not watching that garbage
Jimmy Kimmel,@Jason_oct,Make America Great Again. Vote Trump 2024!
Jimmy Kimmel,@cldonline,"Best reply ever â€œIsnâ€™t it past your jail time?â€  to Trump's rude, insulting post about your performance at the Oscar's tonight! "
Jimmy Kimmel,@mjohn55,You are the worst host ever!!  You are not funny or talented !
Jimmy Kimmel,@JRobFreedom,You suck Jimmy
Jimmy Kimmel,@wells_sl,"Pretty low to bring up someoneâ€™s drug addiction on the night they are up for probably the most prestigious award in their industryâ€¦ but  what else should we expect from â€œblack face Jimmy Kimmelâ€â€¦ I mean, heâ€™s lower than the ğŸ’© on my shoe.. sorry "
Jimmy Kimmel,@Kirk_925,I would NEVER watch anything with you as a host.  You are a subhuman and filth!  
Jimmy Kimmel,@MoneyPenny700,The following media includes potentially sensitive content. Change settings
Jimmy Kimmel,@DavidYeshua4,What a POS ğŸ¤¡ Kimmel has no respect for women! We know that based on his public behavior! Lock him up!!!
Jimmy Kimmel,@Ambriz_Dom,Jamie ğŸ‡ºğŸ‡² ğŸ‡¨ğŸ‡¦
Jimmy Kimmel,@LibertyJamison,Hahaha time to give your awards to the most narcissistic and entitled celebrity ğŸ‘Œ
Jimmy Kimmel,@2020lizmac,Havenâ€™t watched the Hollywood Pedos give each other awards in years. It used to be a classy show now itâ€™s nothing but trash as are the movies produced in Hollywood.
Jimmy Kimmel,@TxAeronaut,Sharing is caring!
Jimmy Kimmel,@clhwi2017,Boring.
Jimmy Kimmel,@Nautiguy48,Worst Oscars Host in history.
Jimmy Kimmel,@girldad72,Hey Jimmy remember that time you spent  on the Island with your other pedo friends. We do.
Jimmy Kimmel,@donttreadmemes,Nobody cares.
Jimmy Kimmel,@glamfairey,Politics should not be mentioned at the oscars Neither party. Your disgusting 
Jimmy Kimmel,@JustKimfromoz,You're going to be crying a flood of tears come November mate & don't move to Australia.  WE DON'T WANT YOU HERE!  You were an embarrassment at the Oscars & hopefully that will be the last time they ever ask you to host ğŸ™
Jimmy Kimmel,@TheShortKing93,PEDO JIMMY BACK AT IT AGAIN
Jimmy Kimmel,@BenGleib2024,feel the music jimmy
Jimmy Kimmel,@feelthemusicglo,Yes!ğŸ«¶ğŸš€ğŸ†ğŸ‘ŒğŸ¶
Jimmy Kimmel,@Teslaconomics,Yo quiero un Tesla en Argentina ğŸ‡¦ğŸ‡·
Jimmy Kimmel,@BobMute2,No thank you. ğŸ‘ğŸ¼ğŸ‘ğŸ¼ğŸ‘ğŸ¼
Jimmy Kimmel,@micalvalencia,Congrats on the Oscars. It would be awesome if you used your platform & visibility to highlight a family in ğŸ‰ ! There is a huge list to choose from on Operation Olive Branch (TIKTOK OR INSTAGRAM)
Jimmy Kimmel,@BobMute2,"Perhaps the most entertaining part of the Oscars is watching the host try to be funny while simultaneously offending as few people as possible. It's a tightrope act that often results in a bland, forgettable performance. ğŸ­"
Jimmy Kimmel,@nurseangel777,Itâ€™s only been 15 minutes and Iâ€™m already tired of your lame insulting humor.ğŸ‘ğŸ¼ğŸ‘ğŸ¼ğŸ‘ğŸ¼
Jimmy Kimmel,@imustafazia,"We love RDJ, and you are lower than dirt."
Jimmy Kimmel,@TeesValleyVoice,"When Donald Trump is back in the White House it will be past your jail time, Epstein Island visitor."
Jimmy Kimmel,@WTAFRich,Coward making jokes about Michael surrounded by your Ptah action figures. We see you son.
Jimmy Kimmel,@Stevo_1969,We know what you did on Epstein Island. Your Sick
Jimmy Kimmel,@BroganDinolfo,"Timeâ€™s up, Jimmy. ğŸ‘‹ğŸ¼"
Jimmy Kimmel,@PapiTrumpo,JIMMY KIMMEL TOOK THE BAIT!!!ğŸ¤£ğŸ¤£ğŸ¤£
Jimmy Kimmel,@MrsAndy73529976,Iâ€™m ready ğŸ˜ğŸ˜
Jimmy Kimmel,@UncleRy_eth,Is Rodgers handing out any awards? ğŸ‘€ğŸ˜‚
Jimmy Kimmel,@MrsAndy73529976,You are welcome ğŸ¤— jimmy ğŸ’™
Jimmy Kimmel,@BenCharles2014,Yess! Let's go
Jimmy Kimmel,@disser_sapkota,"Wishing you luck, Jimmy. It should be a great show as long as you didnâ€™t try to tell any jokes. Not your strongest suit. ğŸ˜"
Jimmy Kimmel,@sjoseph_sports,Be funny
Elon Musk,@ElonMuskAOC,I could build it in a year
Elon Musk,@YourAnonNews,"The car manufacturer doesn't like high speed rail, not surprising"
Elon Musk,@Twitermytweet,Seriously this is the truth
Elon Musk,@DotComParker,"Elon, bots are able to comment scams on my posts and I canâ€™t see it because they have me blocked. "
Elon Musk,@RobJailbreakrob,"For all those who want cars to take you where you want to go automatically, "
Elon Musk,@S3XYPLAID,"And Tesla Auto Park with cameras only works absolutely perfect. Between this and my FSD test drive last night I totally get when Elon said, â€œLiDAR is a fools errandâ€. The others want to take the easy and temporary route to new features. "
Elon Musk,@Tesla_Cybercat,The future is hereï¼FSDV12 Navigates Three Sharp Turns and Merges with Ease in Bostonâ€™s Rain-Drenched Rush Hour
Elon Musk,@EdwardDiGi,"If cars will be drive themselves, we would not need cars at all. Urban transport will be zero margin and people will need less cars. The first threat to $TSLA are robotaxi indeed"
Elon Musk,@dblcapcrimpin,When no nags?
Elon Musk,@cymba_de,Yes yes yes but when working Autowipers?
Elon Musk,@X_BEBEeth,"Elon, what day is the fourth launch plan for the starship?"
Elon Musk,@JamesWLaw1,The second to last to have FSD will be for Emergency vehicles/Police. 
Elon Musk,@TeslaLisa,QUESTION....  Why are a zillion newbies getting a free month of V12 when all Legacy S/X owners who paid thousands can't get it?    Thanks 
Elon Musk,@GagliardiLou,"Elon, I can't believe how nice my new model y is. I don't understand why anyone would buy anything but a tesla. Maybe price would deter them, but I got a great deal on the model y. Best value out there, in my opinion."
Elon Musk,@derekhxw,"I just tried V12 for the first time with 12.3.2.1, wow! I have been an enthusiast since V8, but still V12 really wow me. "
Elon Musk,@TeslaXplored,Will that happen in the Nassau/Queens area of NY too? Seems to struggle here a lot. 
Elon Musk,@somi_teslagirl,Ive been sold on #FSD before I even got it in my 
Elon Musk,@BassonBrain,"it will be way better than a human, period ... already is!"
Elon Musk,@Avatrode,Seeing the progress achieved in FSD V12 .....In terms of safety and even considering only the financial prospect of robotaxi future income ... in my estimation .#Tesla #FSD is worth more now than the hardware value of my 2022 Model X Plaid.
Elon Musk,@RyanTanaka3,Thanks for helping make the future great
Elon Musk,@DaveWarnedYou,"Riding in a car is the most dangerous thing humans do every day, specifically because other human drivers are so bad and unpredictable."
Elon Musk,@2thdoc2012,Iâ€™ve been thinking about that as Iâ€™ve been testing v12.    It really is to a certain extent already like a personal taxi
Elon Musk,@CodingMark,"now that the machine is finally churning on a capable, future-proof architecture, progress should be unbelievable"
Elon Musk,@PhilFox43249797,"And Tesla has a multiyear advantage in this high margin, â€œwinner take mostâ€ FSD business"
Elon Musk,@TeslaSynopsis,"Elon can FSD beta roll out be a bit faster, especially to cars that had been using FSD beta forever?"
Elon Musk,@roelsmelt,Iâ€™ve told my kids that they most likely will not be allowed to get their driving license and drive their own cars on the road. Way to dangerous! 
Elon Musk,@01Ananto,By saying this now people will get drunk and then try FSD. Which not supervise by a human. Big statement Elon. Not a safe one. Cause 12.3 is still not 100% perfect.
Elon Musk,@WayneSn35339982,"I really don't want or like that. Perhaps if someone, you, would build a people carrier train of FSD's linked together to take the mindless where they want to go and drop them off along it's way, less traffic, so I can drive my 1949 Ford pickup ice 3 speed truck with no worries."
Elon Musk,@LizBurgess92677,I think i would put a breathalizer. Against the law to drive  DRUNKğŸ¤£ğŸ¤£ğŸ¤£ğŸ¤£ğŸ¤£ğŸ¤£
Elon Musk,@aikisteve,I assume that when FSD beta is rolled out in Europe it will be again starting with a very limited group of beta testers? Makes sense because of all the differences with the US and specifics per country
Elon Musk,@crossland_rob,I don't like to be the barer of bad news 
Elon Musk,@SnakeMannn,It will really be amazing how good 
Elon Musk,@BdPwll81,Well I will be that guy in the future that still has a gas guzzler in his garage ......I'd rather transport myself -- I would however love a ride in one of those rockets of yours. I hear you're close to breaking through the firmament....ğŸ˜‰
Elon Musk,@DansTesla,Canâ€™t wait to get V12â€¦.my car has been downloading this for 3 days lol $tsla
Elon Musk,@schheng1,The improvements that the world of computing and engineering has brought to the way we live in North America have been incredible and mind-boggling. ğŸ¤¯ğŸ¤©ğŸš€ğŸ™ŒğŸ»ğŸ‘ğŸ»ğŸ«ğŸ˜˜ğŸ’«
Elon Musk,@MemesOfMars,in Germany ğŸ‡©ğŸ‡ª the beta still has a lot of work ahead. One week it behaves ok the next it does weird things like trying to go on the exit lane even though the straight lane is super clearly marked.
Elon Musk,@LandonH,Itâ€™s crazy good. Thanks for all the great work 
Elon Musk,@oi8achevy,Speed management is still an issue. How are you going to deal with all the inaccurate speed limit map data? Even on v12 most of my drives in upstate NY are crippled by the system defaulting to 25mph on unmarked roads.
Elon Musk,@MelissaJeanSays,That sounds cool. But I still want a manual control option.
Elon Musk,@NickLippis,I love FSD.  It's part of living in exponential progress time.
Elon Musk,@GozukaraFurkan,I agree with this
Elon Musk,@NAlves_EJ,For the time being the question is how will that affect the sales outlook.
Elon Musk,@NAlves_EJ,Tesla's gearing up to drop its Q1 delivery figures. $TSLA
Elon Musk,@NSuresh_ECW,Legacy OEM's should licence Tesla FSD into their cars & rapidly progress towards Autonomous vehicles
Elon Musk,@alexisd3000,"If every car used FSD, the roads would be so much safer!  Itâ€™s the human drivers we need to look out for."
Elon Musk,@griffithe,NGL I watched 
Elon Musk,@Wisdom_MAPS,Thinking long term and continually investing in that...gives you these kinds of results!
Elon Musk,@aqsarani76,ğŸ‘ğŸ‘ğŸ‘ It will be interesting when licenses and all the admin and bureaucracy is no longer necessary. Itâ€™s sure to be an interesting transformation. Not sure the Government will make this easy. ğŸ¤£
Elon Musk,@Jeremywmerchant,All future car purchases will require FSD in my family!
Elon Musk,@fyrewede,I will never trust FSD if for no other reason than that I don't trust other drivers (or other FSD vehicles). All ot takes is one loose tire hurtling towards my car through the air at speed.  I might manage to dodge it. I'm not certain FSD will.
Andrew Tate,@AleksAlwaysWins,Inspiring to tears.
Andrew Tate,@WalidZada1,Tears For Fears.
Andrew Tate,@okdaksh,wholesome
Andrew Tate,@ReclaimYourX,Awww so sweet ğŸ™ğŸ¾ğŸ‘‘
Andrew Tate,@TateNews_,Free Top G
Andrew Tate,@FgvPlanet,What a great lesson.
Andrew Tate,@ZubyMusic,This is cool.
Andrew Tate,@therealworld_hq,The greatest gift a son can receive from his father is the inheritance of knowledge and wisdom. 
Andrew Tate,@JoinTheHUWorld,A great father and a great son.
Andrew Tate,@TateTheTalisman,"Whatâ€™s cool, at least for me is that when this happened dad was the age I am now."
Andrew Tate,@shahh,"Extreme focus when playing chess at that age is insane, I couldnâ€™t even focus on a cartoon at that age."
Andrew Tate,@twomad,I would of checkmated you little smart ah instantaneously my brudda
Andrew Tate,@Hendrikvdmaesen,Very cool. Have you ever considered opening up an international chess-school?
Andrew Tate,@abigail_fekete,You were a top kid even at a young age.
Andrew Tate,@SulaymanABS,this is amazing
Andrew Tate,@HairyLahey,"Son, once youre grown up, youll beat anyone at anything"
Andrew Tate,@AccessTRW,Raised to be exceptional.
Andrew Tate,@Blue_flamingo__,No one ever made money in crypto . I lost few K bucks ğŸ¥º
Andrew Tate,@themoneymod,Interesting about the success with your team.  
Andrew Tate,@lagent213,Hodl and win the race.
Andrew Tate,@Cryptoking,U shi* on BTC then use it for clout?
Andrew Tate,@nftinos,And that for the small fee of just $50 per year. ğŸ¤”
Andrew Tate,@MysterEgora,"Success in $BTC isn't guaranteed by following 'pros.' Cryptocurrency is volatile and unpredictable, with market conditions changing rapidly. Rely on thorough research, risk assessment, and consider seeking advice from certified financial advisors. Invest wisely. ğŸ”ğŸ’¡ #CryptoFactsâ€¦"
Andrew Tate,@CryptoBromie,I thought you said crypto bros are dork nerd geeks? 
Andrew Tate,@RotondoAGoGo,"Lol ok big boy, your jenga tower is wobbling - gonna be a hoot to watch"
Andrew Tate,@jamesmj85,This is really a good pitch and video
Andrew Tate,@DrNickA,I hope youâ€™re going to teach the lads not to get rugged rather than feed them to them.
Andrew Tate,@OMEGAMILLIONS1,Or they could have just used that 50 a month to add to their own allocated weekly dollar cost strategy and would still be up all alone bruv.
Andrew Tate,@PatrykDumicz,â€œMade moneyâ€ - meaning that they already sold BTC securing their profits? Iâ€™ll bet you a Bugatti most of them will wait until itâ€™s too late #greed
Andrew Tate,@Masc_Empire,Your money problems are usually your mindset problems.
Andrew Tate,@mcJoker_05,dm me what you think of top G in chat now
Andrew Tate,@LegitPersian,This is a top signal
Andrew Tate,@realPatriot_Dad,I'm signed up in the Market course now! I am motivated to learn and expand my financial future for my 5 children!
Andrew Tate,@TheLoveOfJoy,XLM and stellar are where itâ€™s really at
Andrew Tate,@joshsilentmode,Find The Hero Inside You
Andrew Tate,@Famous_999_,Bro you are lying and I can confirm
Andrew Tate,@copyxtyler,TRW costs less than what these people would invest.
Andrew Tate,@okdaksh,David Halliwell
Andrew Tate,@D_Halliwell95,Professor Adam is a G.
Andrew Tate,@kittiesbitties,you scammed me
Andrew Tate,@jackwillis004,Iâ€™m in TRW and donâ€™t have a network tho?
Andrew Tate,@YEYEmeta,You just said nfts were bad.
Andrew Tate,@ethermage,Didn't this guy just post a video saying crypto shillers are the worst?
Andrew Tate,@KarlssonDaniel4,BEAST MODE ! $RED $STAN
Andrew Tate,@BEASTMODEAPEE,$MULTIX GOING HAM
Andrew Tate,@KaceeRAllen,Only the real ones HODL
Andrew Tate,@web3ie,Remember when you said crypto was for dorks and your never touching it? 
Andrew Tate,@DrZarar01,thanks for sharing
Andrew Tate,@SkylineETH,You just called crypto is scam 
Andrew Tate,@ABlastforever,The scam artist is back again
Dwayne Johnson,@Raj_diary,General Booty ğŸ‡¨ğŸ‡²
Dwayne Johnson,@big_hero_chris,But will i feel the mana though?
Dwayne Johnson,@Anthony_Russo97,Cody Rhodes sticking with head and shoulders
Dwayne Johnson,@jnr_kali,The Rock! ğŸª¨
Dwayne Johnson,@the_artofhealth,I also really love wellness and sauna. 
Dwayne Johnson,@iJonniM,Rock please bring it to Canada too 
Dwayne Johnson,@Raj_diary,ZAFAR ABBAS
Dwayne Johnson,@xafar_,Thanks. Good advocate for wellness
Dwayne Johnson,@Wyssii_Hun,Omprakash Choudhary
Dwayne Johnson,@OmChoudhary01,Bang bang this is sparks
Dwayne Johnson,@DXSD_1,Rollins owns you
Dwayne Johnson,@ShadBoogie,"Listen, if youâ€™re going to be a â€œheelâ€ imma need you to stop doing these types of ads, I know I know itâ€™s part of your brand but you canâ€™t be talking how you do on SD and then get on here and start talking nice and proper and wholesome"
Dwayne Johnson,@jharleyd12,Will be checking it out.
Dwayne Johnson,@Raj_diary,SaltyEssentials
Dwayne Johnson,@SaltyEssentials,What a sellout ğŸ˜‚
Dwayne Johnson,@TommySlaight,Christhecool
Dwayne Johnson,@christhecool21,Thanks unc !
Dwayne Johnson,@AEW_Blog,I'm gonna quote his ass because he's lovely
Dwayne Johnson,@AEW_Blog,The Story of The Rock vs. Hulk Hogan
Dwayne Johnson,@Raj_diary,District411
Dwayne Johnson,@iamdistrict411,Wow
Dwayne Johnson,@daranvaseg,Oh my star eyes
Dwayne Johnson,@feelthemusicglo,Yes!ğŸ†ğŸ¶ğŸ‘ŒğŸš€ğŸ«¶
Dwayne Johnson,@Raj_diary,Mahr Irfan Hiraj
Dwayne Johnson,@Raj_diary,Mahr Irfan Hiraj
Dwayne Johnson,@Raj_diary,#takebettercare
Dwayne Johnson,@OmChoudhary01,and the trophy goes to
Dwayne Johnson,@rxo9191,At 
Dwayne Johnson,@ShawnS90x,"Putting in work.. i see you. Good stuff, best of luck on your new endeavor"
Dwayne Johnson,@DaveHuze,Casas Plays
Dwayne Johnson,@CasasPlays,That tattoo care though ğŸ‘€
Dwayne Johnson,@Cheelee_Tweet,ğŸŒ¶ ğŸŒ¶ ğŸŒ¶  https://twitter.com/Cheelee_Tweet/status/1751310823459606634
Dwayne Johnson,@Cheelee_Tweet,"Hey, Cheeleeland ğŸŒ¶ï¸ "
Dwayne Johnson,@_AVMR_,"I went to the website and was gonna put an order in. I had the sandlewood suede body wash, shampoo, and deodorant."
Dwayne Johnson,@PhotobombChamp,"Alright Rock, Iâ€™ll make a trip to Target this Sunday"
Dwayne Johnson,@salmons_jr,#DiarrheaDwayne
Dwayne Johnson,@VforVoices,"Well if the Rock says it's good, it's good ğŸ‘ğŸ¾"
Dwayne Johnson,@GetMeCash,Bro when do you sleep?!?!
Dwayne Johnson,@mtzslivegaming,Wow good day
Dwayne Johnson,@LivngOG,THE PEOPLES CHAMP FOR SURE
Dwayne Johnson,@NarutoExplained,The peopleâ€™s champion for a reason!
Dwayne Johnson,@habdoolahi,This is legit heartwarming.. itâ€™s what you expect from the final bosss
Dwayne Johnson,@ziamalik685,History will be made on this wrestle mania.
Dwayne Johnson,@SteveWrightJr,The Rock is a Man of his word
Dwayne Johnson,@KeanuTrades,or is this the quote you ass
Dwayne Johnson,@KeanuTrades,OUR OLD BUDDY @toddster85 had surgery! Todd was born w spina bifida and has had countless surgeries and trials. He drives for @lyft when he can & is the biggest @WWE fan I know! 
Dwayne Johnson,@MrGator84,"This whole story with you and Cody has made this an epic legendary show. Cody vs The Final Boss in a belt match would be sick, twisted, and badass"
Dwayne Johnson,@GIGACHAD2021,ABSOLUTELY INCREDIBLE
Dwayne Johnson,@PSU_FB_Thoughts,What an awesome back and forth
Dwayne Johnson,@MikeBacon,Great stuff dude. Makes me want to go to my first WWE event ever here in my hometown. Much love â¤ï¸
